name,dob,email,phone
Jennifer Wood,1964-03-27,bryandaniel@evans.org,2670694095
Christopher Petersen,1991-09-11,jessica65@harris.com,9236754609
Wesley Myers,1966-08-29,sandovalbrandon@hinton.com,6887248031
Ronald Thompson,1985-02-16,millerjeremy@boyle-yang.info,7327517625
Jennifer Cox,1980-05-13,christopher89@gmail.com,6894675765
Michael Young,1973-05-20,johnsondebra@hotmail.com,4756178037
Katrina Washington,1980-12-27,emilystone@martinez.com,4396263857
Ashley Carter,1976-03-03,sandersrickey@garcia-graves.net,6767499808
Diane Allen,1976-10-17,dominguezkaitlin@yahoo.com,5526530542
Jacob Obrien,1968-07-21,eric67@yahoo.com,2654839166
Matthew Ellison,1991-09-02,gbennett@simmons.com,5112366341
Emily Gill,1949-12-07,obrown@gmail.com,2805477912
Michael Alvarez,1972-03-06,barnesmichael@gmail.com,5368195894
Jeremy Salazar,1953-06-11,brendanguyen@saunders.net,4558598141
Tammy Mason,1984-07-02,stonechristopher@mcclure.com,8021146245
Laura Sanders,1958-11-22,laurabaker@yahoo.com,0040023725
Terry Miller,1952-05-16,elizabethayala@delgado.info,3423013683
Angelica Yates,2002-05-21,ofritz@gmail.com,5203607281
Danielle Goodman,1955-01-06,sharonsutton@evans-francis.org,1637403452
Michael Rios,1995-02-09,mallory46@yahoo.com,8682324315
Jeremy Castro,1988-12-05,austinstephanie@gmail.com,2813663507
Brandon Williams,1984-08-23,melinda26@hotmail.com,1920635455
Michaela Johnson,1947-07-07,jmiddleton@gmail.com,3724250805
Samuel Nguyen,1983-05-04,robertsjoseph@jarvis.biz,4740543667
Michelle York,1963-04-13,mlarson@lawson-dunn.com,9979819863
Jennifer Wu,1975-06-19,nathan64@yahoo.com,6837490800
Joshua Coleman,1966-02-23,bperez@yahoo.com,1987610049
Mason Fields,1951-07-15,njohnson@mclaughlin.com,8435383837
Robin Taylor,1998-01-17,mrivers@martin-lopez.org,9502091492
Jerry Wilson,1988-08-07,owensannette@gmail.com,9220852582
Diana Mcneil,1998-10-01,cynthia74@yahoo.com,1084922007
Ryan Robertson,1964-10-22,bolson@hotmail.com,5523344358
Shane Pena,1982-06-25,campbellpatricia@hotmail.com,1411381991
Shannon Hopkins,1944-11-03,tsparks@gmail.com,6372020405
Julia Clark,1967-10-14,daviddavis@yahoo.com,3565927294
Michelle Black,2004-02-25,tleonard@mitchell.com,4069689077
Aaron Padilla,1989-09-13,vickiferrell@hotmail.com,7265313614
Allison Gardner,1975-04-18,oshields@carr.com,9059856362
Tom Jackson,1988-03-09,anthonyknight@howell.com,8332823264
Shane Sweeney,1944-12-27,austindanielle@todd.com,8359477402
Jennifer Wall,1972-04-27,crawfordjoseph@harris.info,3914483057
Rachel Downs,1997-11-03,lewismelissa@hall.com,0633859025
Ronald Cannon,1945-07-14,carmen62@gmail.com,0868776031
Charles Klein,1948-04-21,andreaho@lewis-henson.com,5348085542
Joe Rodriguez,1973-09-12,joelbarnes@cooke-bailey.com,2209649257
Michelle Wyatt,1971-07-19,michaelyoung@yahoo.com,8252157107
Rachel Ritter,2002-01-04,woodjason@gmail.com,1025674519
Jennifer Baker,1954-04-25,hoffmancindy@yahoo.com,3727400581
Jennifer Miller,2004-06-03,spencerbrewer@gmail.com,7639134343
Adam Gibson,1967-08-02,jeremy00@hotmail.com,2588729985
